<?xml version='1.0' encoding='UTF-8' standalone='no'?>
<doxygen xmlns:xsi="http://www.w3.org/2001/XMLSchema-instance" xsi:noNamespaceSchemaLocation="compound.xsd" version="1.8.14">
  <compounddef id="reconstruction_8cpp" kind="file" language="C++">
    <compoundname>reconstruction.cpp</compoundname>
    <includes local="no">iostream</includes>
    <includes refid="functions_8h" local="yes">functions.h</includes>
    <includes refid="_projection_8h" local="yes">Projection.h</includes>
    <incdepgraph>
      <node id="12">
        <label>Projection.h</label>
        <link refid="_projection_8h"/>
        <childnode refid="11" relation="include">
        </childnode>
      </node>
      <node id="11">
        <label>math.h</label>
      </node>
      <node id="9">
        <label>iostream</label>
      </node>
      <node id="10">
        <label>functions.h</label>
        <link refid="functions_8h"/>
        <childnode refid="11" relation="include">
        </childnode>
      </node>
      <node id="8">
        <label>reconstruction.cpp</label>
        <link refid="reconstruction_8cpp"/>
        <childnode refid="9" relation="include">
        </childnode>
        <childnode refid="10" relation="include">
        </childnode>
        <childnode refid="12" relation="include">
        </childnode>
      </node>
    </incdepgraph>
      <sectiondef kind="func">
      <memberdef kind="function" id="reconstruction_8cpp_1ae66f6b31b5ad750f1fe042a706a4e3d4" prot="public" static="no" const="no" explicit="no" inline="no" virt="non-virtual">
        <type>int</type>
        <definition>int main</definition>
        <argsstring>()</argsstring>
        <name>main</name>
        <briefdescription>
<para>for getting all faces we can points from different plane </para>        </briefdescription>
        <detaileddescription>
        </detaileddescription>
        <inbodydescription>
<para>making 2D using 2D plane points given points are stored in pair format to easily form edges this data can be stored using data structures like arrays of arrays as follows -<mdash/>&gt; <linebreak/>
<linebreak/>
<linebreak/>
<linebreak/>
<linebreak/>
<linebreak/>
 arr[1][i],arr[2][i],arr[3][i] .... upto number of edges to be formed. where i goes from 1 to number of co-ordinate pairs in the input that is edges. <linebreak/>
<linebreak/>
<linebreak/>
<linebreak/>
<linebreak/>
 number of edges as such</para><para>pair of co-ordinates forming edges</para><para>where p&apos;s belong to x1&apos;s <linebreak/>
<linebreak/>
 q&apos;s belong to y1&apos;s</para><para>r&apos;s belong to x2&apos;s s&apos;s belong to y2&apos;s </para>        </inbodydescription>
        <location file="reconstruction.cpp" line="7" column="1" bodyfile="reconstruction.cpp" bodystart="7" bodyend="28"/>
      </memberdef>
      </sectiondef>
    <briefdescription>
    </briefdescription>
    <detaileddescription>
    </detaileddescription>
    <programlisting>
<codeline lineno="1"><highlight class="preprocessor">#include&lt;iostream&gt;</highlight><highlight class="normal"></highlight></codeline>
<codeline lineno="2"><highlight class="normal"></highlight><highlight class="preprocessor">#include<sp/>&quot;<ref refid="functions_8h" kindref="compound">functions.h</ref>&quot;</highlight><highlight class="normal"></highlight></codeline>
<codeline lineno="3"><highlight class="normal"></highlight><highlight class="preprocessor">#include<sp/>&quot;<ref refid="_projection_8h" kindref="compound">Projection.h</ref>&quot;</highlight><highlight class="normal"></highlight></codeline>
<codeline lineno="4"><highlight class="normal"></highlight></codeline>
<codeline lineno="5"><highlight class="normal"></highlight></codeline>
<codeline lineno="7"><highlight class="keywordtype">int</highlight><highlight class="normal"><sp/><ref refid="reconstruction_8cpp_1ae66f6b31b5ad750f1fe042a706a4e3d4" kindref="member">main</ref>(){</highlight></codeline>
<codeline lineno="8"><highlight class="normal"><sp/><sp/><sp/><sp/></highlight><highlight class="keywordtype">int</highlight><highlight class="normal"><sp/>nof;<sp/></highlight><highlight class="comment">//<sp/>number<sp/>of<sp/>faces</highlight><highlight class="normal"></highlight></codeline>
<codeline lineno="9"><highlight class="normal"><sp/><sp/><sp/><sp/></highlight><highlight class="keywordtype">int</highlight><highlight class="normal"><sp/>m<sp/>=<sp/>0;</highlight></codeline>
<codeline lineno="15"><highlight class="normal"><sp/><sp/><sp/><sp/></highlight><highlight class="keywordflow">for</highlight><highlight class="normal">(</highlight><highlight class="keywordtype">int</highlight><highlight class="normal"><sp/>i<sp/>=<sp/>0;i&lt;nof;i++){</highlight></codeline>
<codeline lineno="16"><highlight class="normal"><sp/><sp/><sp/><sp/><sp/><sp/><sp/><sp/></highlight><highlight class="keywordtype">int</highlight><highlight class="normal"><sp/>n;</highlight></codeline>
<codeline lineno="17"><highlight class="normal"><sp/><sp/><sp/><sp/></highlight><highlight class="keywordtype">int</highlight><highlight class="normal"><sp/>p[100],q[100],r[100],s[100];</highlight></codeline>
<codeline lineno="18"><highlight class="normal"><sp/><sp/><sp/><sp/>cin<sp/>&gt;&gt;<sp/>n;</highlight></codeline>
<codeline lineno="19"><highlight class="normal"><sp/><sp/><sp/><sp/></highlight><highlight class="keywordflow">for</highlight><highlight class="normal">(</highlight><highlight class="keywordtype">int</highlight><highlight class="normal"><sp/>k<sp/>=<sp/>0<sp/>;<sp/>k<sp/>&lt;<sp/>n<sp/>;<sp/>k++){</highlight></codeline>
<codeline lineno="20"><highlight class="normal"><sp/><sp/><sp/><sp/><sp/><sp/><sp/><sp/><ref refid="functions_8h_1abc21f2a5cc6a81e0c3d3ec2b4e4a44dc" kindref="member">form_edges</ref>(p[k],q[k],r[k],s[k]);</highlight></codeline>
<codeline lineno="21"><highlight class="normal"><sp/><sp/><sp/><sp/><sp/><sp/><sp/><sp/>}<sp/><sp/><sp/><sp/><sp/><sp/><sp/><sp/><sp/><sp/><sp/><sp/><sp/><sp/><sp/><sp/><sp/><sp/><sp/><sp/><sp/><sp/><sp/><sp/><sp/><sp/><sp/><sp/><sp/><sp/><sp/><sp/><sp/><sp/><sp/></highlight></codeline>
<codeline lineno="22"><highlight class="normal"><sp/><sp/><sp/><sp/>}<sp/><sp/><sp/><sp/><sp/><sp/><sp/><sp/><sp/><sp/><sp/><sp/><sp/><sp/><sp/><sp/><sp/><sp/><sp/><sp/><sp/><sp/><sp/><sp/><sp/><sp/><sp/><sp/><sp/><sp/><sp/><sp/><sp/><sp/><sp/><sp/><sp/><sp/><sp/></highlight></codeline>
<codeline lineno="23"><highlight class="normal"></highlight></codeline>
<codeline lineno="25"><highlight class="normal"></highlight></codeline>
<codeline lineno="26"><highlight class="normal"></highlight></codeline>
<codeline lineno="27"><highlight class="normal"></highlight></codeline>
<codeline lineno="28"><highlight class="normal">}</highlight></codeline>
    </programlisting>
    <location file="reconstruction.cpp"/>
  </compounddef>
</doxygen>
